variant_id,mutations,n_mutations,source_track,final_score,thermostability,structure,evolutionary,functional_risk,has_consensus,identity_to_wt
TRACK3_STRUCT_071,T43I,1,structure_guided,5.760668235236133,0.4,0.270668235236133,0.1,0.010000000000000002,True,0.9971671388101983
TRACK3_STRUCT_023,P196S,1,structure_guided,5.735282246602247,0.4,0.28528224660224655,0.1,0.05,True,0.9971671388101983
TRACK2_RF_007,T43I+V58S,2,generative_ai,5.716049119535789,0.4,0.2260491195357888,0.1,0.010000000000000002,True,0.9943342776203966
TRACK2_EE_005,I192A+L326I+P196S,3,generative_ai,5.644440713045893,0.4,0.24444071304589265,0.1,0.1,True,0.9915014164305949
TRACK3_STRUCT_019,P56W,1,structure_guided,0.7836767749227916,0.4,0.2936767749227917,0.1,0.010000000000000002,False,0.9971671388101983
TRACK3_STRUCT_046,L91I,1,structure_guided,0.7779983817105992,0.4,0.28799838171059927,0.1,0.010000000000000002,False,0.9971671388101983
TRACK3_STRUCT_004,A51I,1,structure_guided,0.7774095179597758,0.4,0.28740951795977576,0.1,0.010000000000000002,False,0.9971671388101983
TRACK3_STRUCT_044,I96D,1,structure_guided,0.7759659911189977,0.4,0.28596599111899773,0.1,0.010000000000000002,False,0.9971671388101983
TRACK3_STRUCT_006,E6M,1,structure_guided,0.7735656836773205,0.4,0.28356568367732055,0.1,0.010000000000000002,False,0.9971671388101983
TRACK3_STRUCT_058,L42I,1,structure_guided,0.7728391905504436,0.4,0.28283919055044365,0.1,0.010000000000000002,False,0.9971671388101983
TRACK3_STRUCT_059,S86T,1,structure_guided,0.7721043878195156,0.4,0.2821043878195156,0.1,0.010000000000000002,False,0.9971671388101983
TRACK3_STRUCT_072,R8D,1,structure_guided,0.7692831803279917,0.4,0.27928318032799176,0.1,0.010000000000000002,False,0.9971671388101983
TRACK3_STRUCT_010,V306I,1,structure_guided,0.7690750377617509,0.4,0.2790750377617509,0.1,0.010000000000000002,False,0.9971671388101983
TRACK3_STRUCT_029,E25H,1,structure_guided,0.768487802072816,0.4,0.2784878020728159,0.1,0.010000000000000002,False,0.9971671388101983
TRACK3_STRUCT_024,N76I,1,structure_guided,0.768375256457757,0.4,0.27837525645775696,0.1,0.010000000000000002,False,0.9971671388101983
TRACK3_STRUCT_033,D319L,1,structure_guided,0.7680749139738895,0.4,0.27807491397388956,0.1,0.010000000000000002,False,0.9971671388101983
TRACK3_STRUCT_049,S23T,1,structure_guided,0.7678501736576443,0.4,0.2778501736576443,0.1,0.010000000000000002,False,0.9971671388101983
TRACK3_STRUCT_001,R7T,1,structure_guided,0.7675670131744509,0.4,0.2775670131744508,0.1,0.010000000000000002,False,0.9971671388101983
TRACK3_STRUCT_037,R312D,1,structure_guided,0.7672734446461534,0.4,0.2772734446461534,0.1,0.010000000000000002,False,0.9971671388101983
TRACK3_STRUCT_061,L106I,1,structure_guided,0.76687506159826,0.4,0.27687506159826003,0.1,0.010000000000000002,False,0.9971671388101983
TRACK3_STRUCT_031,D61T,1,structure_guided,0.766286250005002,0.4,0.27628625000500195,0.1,0.010000000000000002,False,0.9971671388101983
TRACK3_STRUCT_043,T22V,1,structure_guided,0.7660433989678811,0.4,0.27604339896788105,0.1,0.010000000000000002,False,0.9971671388101983
TRACK3_STRUCT_005,S305A,1,structure_guided,0.7659780879916858,0.4,0.27597808799168577,0.1,0.010000000000000002,False,0.9971671388101983
TRACK3_STRUCT_051,D308C,1,structure_guided,0.7659174091758877,0.4,0.27591740917588764,0.1,0.010000000000000002,False,0.9971671388101983
TRACK3_STRUCT_042,P66Q,1,structure_guided,0.765160842572668,0.4,0.27516084257266804,0.1,0.010000000000000002,False,0.9971671388101983
TRACK3_STRUCT_048,W317F,1,structure_guided,0.7645188186986792,0.4,0.2745188186986793,0.1,0.010000000000000002,False,0.9971671388101983
TRACK3_STRUCT_074,T24V,1,structure_guided,0.7639899169972036,0.4,0.2739899169972037,0.1,0.010000000000000002,False,0.9971671388101983
TRACK3_STRUCT_020,N301M,1,structure_guided,0.7635097977983983,0.4,0.2735097977983983,0.1,0.010000000000000002,False,0.9971671388101983
TRACK3_STRUCT_069,V281I,1,structure_guided,0.762905969514197,0.4,0.272905969514197,0.1,0.010000000000000002,False,0.9971671388101983
TRACK3_STRUCT_007,F48D,1,structure_guided,0.7612678057870629,0.4,0.27126780578706283,0.1,0.010000000000000002,False,0.9971671388101983
TRACK3_STRUCT_041,N315S,1,structure_guided,0.7608478366779176,0.4,0.2708478366779175,0.1,0.010000000000000002,False,0.9971671388101983
TRACK3_STRUCT_025,R16L,1,structure_guided,0.7606702244935707,0.4,0.27067022449357064,0.1,0.010000000000000002,False,0.9971671388101983
TRACK3_STRUCT_066,S10A,1,structure_guided,0.7603353368650029,0.4,0.27033533686500294,0.1,0.010000000000000002,False,0.9971671388101983
TRACK3_STRUCT_021,I38D,1,structure_guided,0.759545975391394,0.4,0.269545975391394,0.1,0.010000000000000002,False,0.9971671388101983
TRACK3_STRUCT_063,P111Y,1,structure_guided,0.758695682826411,0.4,0.268695682826411,0.1,0.010000000000000002,False,0.9971671388101983
TRACK3_STRUCT_052,G201W,1,structure_guided,0.7586798217647394,0.4,0.26867982176473937,0.1,0.010000000000000002,False,0.9971671388101983
TRACK3_STRUCT_054,A3V,1,structure_guided,0.7579920505363352,0.4,0.2679920505363352,0.1,0.010000000000000002,False,0.9971671388101983
TRACK3_STRUCT_038,Q241R,1,structure_guided,0.7569330115232602,0.4,0.2669330115232602,0.1,0.010000000000000002,False,0.9971671388101983
TRACK3_STRUCT_028,T45I,1,structure_guided,0.756759605655316,0.4,0.266759605655316,0.1,0.010000000000000002,False,0.9971671388101983
TRACK3_STRUCT_075,W20F,1,structure_guided,0.7564507649294838,0.4,0.26645076492948383,0.1,0.010000000000000002,False,0.9971671388101983
TRACK3_STRUCT_027,I30V,1,structure_guided,0.7558325425030296,0.4,0.2658325425030296,0.1,0.010000000000000002,False,0.9971671388101983
TRACK3_STRUCT_056,I49S,1,structure_guided,0.7547195266481631,0.4,0.2647195266481632,0.1,0.010000000000000002,False,0.9971671388101983
TRACK3_STRUCT_035,S101T,1,structure_guided,0.7543200234543473,0.3986620018166424,0.2656580216377049,0.1,0.010000000000000002,False,0.9971671388101983
TRACK3_STRUCT_055,G236M,1,structure_guided,0.7520339498077532,0.4,0.2620339498077532,0.1,0.010000000000000002,False,0.9971671388101983
TRACK3_STRUCT_040,Q310P,1,structure_guided,0.7514673726482107,0.4,0.2614673726482108,0.1,0.010000000000000002,False,0.9971671388101983
TRACK3_STRUCT_067,A81I,1,structure_guided,0.7479839801259421,0.4,0.25798398012594215,0.1,0.010000000000000002,False,0.9971671388101983
TRACK3_STRUCT_064,S309A,1,structure_guided,0.747806673745336,0.4,0.25780667374533606,0.1,0.010000000000000002,False,0.9971671388101983
TRACK2_RF_002,W14E,1,generative_ai,0.7456473882952334,0.4,0.2556473882952334,0.1,0.010000000000000002,False,0.9971671388101983
TRACK2_RF_001,L200M+N303P,2,generative_ai,0.7443657968342567,0.4,0.25436579683425675,0.1,0.010000000000000002,False,0.9943342776203966
TRACK2_RF_004,V307A+I82G,2,generative_ai,0.7440571258842502,0.4,0.2540571258842503,0.1,0.010000000000000002,False,0.9943342776203966
TRACK3_STRUCT_057,S291T,1,structure_guided,0.7438921886572333,0.4,0.2538921886572333,0.1,0.010000000000000002,False,0.9971671388101983
TRACK3_STRUCT_014,F33G,1,structure_guided,0.7435076808667905,0.4,0.2535076808667905,0.1,0.010000000000000002,False,0.9971671388101983
TRACK3_STRUCT_050,L28I,1,structure_guided,0.7416820670632917,0.4,0.2516820670632916,0.1,0.010000000000000002,False,0.9971671388101983
TRACK3_STRUCT_008,L41V,1,structure_guided,0.7414319745043231,0.4,0.25143197450432303,0.1,0.010000000000000002,False,0.9971671388101983
TRACK3_STRUCT_039,V35L,1,structure_guided,0.7408629398134176,0.4,0.25086293981341756,0.1,0.010000000000000002,False,0.9971671388101983
TRACK3_STRUCT_011,N26M,1,structure_guided,0.7407928313754785,0.4,0.2507928313754785,0.1,0.010000000000000002,False,0.9971671388101983
TRACK2_EE_003,A88T+I314V,2,generative_ai,0.7402252020373473,0.4,0.2502252020373474,0.1,0.010000000000000002,False,0.9943342776203966
TRACK3_STRUCT_060,G34V,1,structure_guided,0.7339341120242796,0.4,0.24393411202427961,0.1,0.010000000000000002,False,0.9971671388101983
TRACK3_STRUCT_013,W32I,1,structure_guided,0.7338417017218051,0.4,0.24384170172180508,0.1,0.010000000000000002,False,0.9971671388101983
TRACK2_EE_010,L114C,1,generative_ai,0.7335438131844066,0.4,0.2435438131844066,0.1,0.010000000000000002,False,0.9971671388101983
TRACK3_STRUCT_017,F17A,1,structure_guided,0.7328681124224089,0.4,0.2428681124224089,0.1,0.010000000000000002,False,0.9971671388101983
TRACK3_STRUCT_030,A318V,1,structure_guided,0.7322837480342118,0.3979528435357791,0.24433090449843275,0.1,0.010000000000000002,False,0.9971671388101983
TRACK3_STRUCT_016,R323H,1,structure_guided,0.7316227769941757,0.4,0.2816227769941757,0.1,0.05,False,0.9971671388101983
TRACK3_STRUCT_036,N325G,1,structure_guided,0.7288500153277901,0.4,0.2788500153277902,0.1,0.05,False,0.9971671388101983
TRACK3_STRUCT_018,I176P,1,structure_guided,0.7284146786259866,0.4,0.2784146786259867,0.1,0.05,False,0.9971671388101983
TRACK3_STRUCT_009,N181T,1,structure_guided,0.7264720325620211,0.4,0.27647203256202113,0.1,0.05,False,0.9971671388101983
TRACK3_STRUCT_002,G327Y,1,structure_guided,0.7255312386766087,0.4,0.2755312386766088,0.1,0.05,False,0.9971671388101983
TRACK3_STRUCT_034,G353A,1,structure_guided,0.725427442373275,0.4,0.27542744237327516,0.1,0.05,False,0.9971671388101983
TRACK3_STRUCT_045,A156V,1,structure_guided,0.7227627988117581,0.4,0.2727627988117581,0.1,0.05,False,0.9971671388101983
TRACK2_RF_009,F180Q,1,generative_ai,0.7158137625676706,0.4,0.26581376256767064,0.1,0.05,False,0.9971671388101983
TRACK2_EE_012,A81S,1,generative_ai,0.7127131468389611,0.38668571887181397,0.2360274279671472,0.1,0.010000000000000002,False,0.9971671388101983
TRACK2_EE_007,S46W+L121R,2,generative_ai,0.7123671690018244,0.4,0.2623671690018244,0.1,0.05,False,0.9943342776203966
TRACK3_STRUCT_065,F206K,1,structure_guided,0.7114751818260668,0.4,0.26147518182606694,0.1,0.05,False,0.9971671388101983
TRACK2_EE_011,G69D,1,generative_ai,0.7106028110004973,0.4,0.22060281100049725,0.1,0.010000000000000002,False,0.9971671388101983
TRACK2_RF_008,Q304G,1,generative_ai,0.7103609473909845,0.39663799620947404,0.2237229511815105,0.1,0.010000000000000002,False,0.9971671388101983
TRACK3_STRUCT_032,Y246G,1,structure_guided,0.710300792201605,0.4,0.26030079220160507,0.1,0.05,False,0.9971671388101983
TRACK2_EE_009,A99S+G299R+Q241C,3,generative_ai,0.7099658850789449,0.4,0.2199658850789449,0.1,0.010000000000000002,False,0.9915014164305949
TRACK3_STRUCT_073,P349R,1,structure_guided,0.7098110677006332,0.4,0.25981106770063317,0.1,0.05,False,0.9971671388101983
TRACK3_STRUCT_053,T11I,1,structure_guided,0.7077667729442426,0.3761598905148743,0.24160688242936837,0.1,0.010000000000000002,False,0.9971671388101983
TRACK3_STRUCT_003,L121I,1,structure_guided,0.7065688833543625,0.4,0.25656888335436256,0.1,0.05,False,0.9971671388101983
TRACK3_STRUCT_047,A324V,1,structure_guided,0.7047568898836565,0.4,0.2547568898836565,0.1,0.05,False,0.9971671388101983
TRACK2_EE_006,L117R+E243M+H92D,3,generative_ai,0.7034234551944848,0.4,0.21342345519448486,0.1,0.010000000000000002,False,0.9915014164305949
TRACK3_STRUCT_068,V151I,1,structure_guided,0.692148877269573,0.4,0.2921488772695729,0.1,0.1,False,0.9971671388101983
TRACK2_EE_015,A324F+F197Y+E235T,3,generative_ai,0.6905087331509424,0.4,0.24050873315094246,0.1,0.05,False,0.9915014164305949
TRACK2_RF_006,A3E+P111F,2,generative_ai,0.6882662680499498,0.4,0.19826626804994985,0.1,0.010000000000000002,False,0.9943342776203966
TRACK3_STRUCT_012,M328Y,1,structure_guided,0.6807849727978801,0.4,0.28078497279788006,0.1,0.1,False,0.9971671388101983
TRACK2_EE_014,F17N+I176L+D103K,3,generative_ai,0.6799939444994495,0.4,0.22999394449944954,0.1,0.05,False,0.9915014164305949
TRACK3_STRUCT_015,A251I,1,structure_guided,0.6770460316598073,0.4,0.2770460316598073,0.1,0.1,False,0.9971671388101983
TRACK3_STRUCT_062,N191A,1,structure_guided,0.6751996799780392,0.4,0.2751996799780392,0.1,0.1,False,0.9971671388101983
TRACK2_RF_003,I77K+W284G,2,generative_ai,0.6715223877386384,0.39231614016647437,0.18920624757216406,0.1,0.010000000000000002,False,0.9943342776203966
TRACK2_RF_005,G178W+F180P,2,generative_ai,0.6631035468697476,0.4,0.21310354686974767,0.1,0.05,False,0.9943342776203966
TRACK3_STRUCT_022,F186H,1,structure_guided,0.6561357962105085,0.4,0.25613579621050847,0.1,0.1,False,0.9971671388101983
TRACK3_STRUCT_026,M331D,1,structure_guided,0.6559272920368768,0.4,0.25592729203687675,0.1,0.1,False,0.9971671388101983
TRACK2_EE_013,W278S+I96P+G204I,3,generative_ai,0.649772049526272,0.4,0.19977204952627206,0.1,0.05,False,0.9915014164305949
TRACK2_EE_002,A188E+Q310C,2,generative_ai,0.6457941806773434,0.4,0.2457941806773434,0.1,0.1,False,0.9943342776203966
TRACK3_STRUCT_070,G256R,1,structure_guided,0.6351499976039878,0.3846655599939173,0.2504844376100705,0.1,0.1,False,0.9971671388101983
TRACK2_RF_010,D103T,1,generative_ai,0.6266366829407667,0.3516338057806083,0.18500287716015837,0.1,0.010000000000000002,False,0.9971671388101983
TRACK2_EE_004,G208S+F273V,2,generative_ai,0.6175351707489454,0.4,0.21753517074894538,0.1,0.1,False,0.9943342776203966
TRACK2_EE_008,F285G,1,generative_ai,0.5853234341602404,0.30415583446056194,0.19116759969967845,0.1,0.010000000000000002,False,0.9971671388101983
TRACK2_EE_001,R129N+S232M,2,generative_ai,0.5759415893474514,0.39130370574341067,0.18463788360404074,0.1,0.1,False,0.9943342776203966
