Variant_ID,Overall_Score,Thermostability,Functional_Score,Electron_Transport,QB_Intact,Predicted_Tm
wheat_window1_v1,1.000,62.3,0.70,0.62,True,61.4
wheat_window1_v2,1.000,62.3,0.70,0.62,True,61.4
wheat_window2_v1,1.000,62.8,0.70,0.62,True,62.1
wheat_window2_v2,1.000,62.7,0.70,0.62,True,61.9
wheat_window3_v1,1.000,62.8,0.70,0.63,True,62.1
wheat_window3_v2,1.000,62.5,0.70,0.62,True,61.7
wheat_window4_v1,1.000,62.6,0.70,0.62,True,61.8
wheat_window4_v2,1.000,62.5,0.70,0.62,True,61.7
wheat_window5_v1,1.000,63.1,0.70,0.63,True,62.5
wheat_window5_v2,1.000,62.8,0.70,0.63,True,62.1
